﻿<?xml version="1.0" encoding="utf-8" ?>
<NodeList>
  <Node X="160" Y="370"/>
  <Node X="121" Y="132"/>
  <Node X="58" Y="234"/>
  <Node X="41" Y="213"/>
  <Node X="143" Y="86"/>
  <Node X="312" Y="176"/>
  <Node X="121" Y="264"/>
  <Node X="231" Y="366"/>
  <Node X="380" Y="62"/>
  <Node X="202" Y="260"/>
  <Node X="241" Y="12"/>
  <Node X="23" Y="356"/>
  <Node X="43" Y="317"/>
  <Node X="175" Y="134"/>
  <Node X="260" Y="125"/>
  <Node X="277" Y="386"/>
  <Node X="312" Y="153"/>
  <Node X="23" Y="256"/>
  <Node X="313" Y="297"/>
  <Node X="131" Y="96"/>
  <Node X="87" Y="67"/>
  <Node X="249" Y="283"/>
  <Node X="307" Y="234"/>
  <Node X="159" Y="167"/>
  <Node X="285" Y="123"/>
  <Node X="12" Y="34"/>
  <Node X="85" Y="356"/>
  <Node X="387" Y="125"/>
  <Node X="135" Y="268"/>
  <Node X="185" Y="345"/>
  <Node X="75" Y="314"/>
  <Node X="275" Y="45"/>
  <Node X="313" Y="78"/>
  <Node X="110" Y="67"/>
  <Node X="256" Y="215"/>
  <Node X="314" Y="164"/>
  <Node X="342" Y="186"/>
  <Node X="331" Y="214"/>
  <Node X="141" Y="275"/>
  <Node X="67" Y="389"/>
</NodeList>